epoch,precision,recall,f1,auc,mcc,ce5,ce10,ce15,ce20,popt5,popt20
0,0.7597165916613977,0.6223250697198593,0.6438944171642882,0.7834777947503399,0.3564819781272804,0.06643356643356643,0.11538461538461539,0.18181818181818182,0.24825174825174826,0.09174311926605506,0.26666666666666666
1,0.736298989041314,0.6560008128144401,0.6781369127796009,0.7869182420785628,0.38399392889823375,0.05244755244755245,0.11538461538461539,0.17832167832167833,0.2727272727272727,0.07339449541284404,0.29259259259259257
2,0.7363697899573352,0.661490813795423,0.6832796832796832,0.7894425214064493,0.3907508143912857,0.05244755244755245,0.10839160839160839,0.19230769230769232,0.2692307692307692,0.07339449541284404,0.28888888888888886
3,0.7258317272186898,0.6757010524545595,0.6932656609803092,0.7883827094748939,0.3983911251519279,0.07342657342657342,0.11188811188811189,0.1853146853146853,0.26573426573426573,0.10091743119266057,0.28518518518518515
4,0.7376633986928105,0.6834508177193548,0.7023983029207833,0.7904007315329961,0.41761008049211223,0.06643356643356643,0.1048951048951049,0.17832167832167833,0.2762237762237762,0.09174311926605506,0.29629629629629634
