epoch,precision,recall,f1,auc,mcc,ce5,ce10,ce15,ce20,popt5,popt20
0,0.54588203659548,0.620902339081441,0.5657964637574424,0.8032667653140592,0.14895966630217466,0.47,0.5833333333333334,0.6633333333333333,0.7266666666666667,0.47,0.7266666666666667
1,0.5417426806833825,0.6429437709862842,0.5633077034062682,0.7970591504941854,0.15449085653149855,0.5333333333333333,0.6566666666666666,0.7266666666666667,0.76,0.5333333333333333,0.76
2,0.5472655962897556,0.6436153320812703,0.570100740283588,0.8053222924136361,0.1647794199185385,0.51,0.6366666666666667,0.71,0.7566666666666667,0.51,0.7566666666666667
3,0.5389484069259726,0.6553380570257811,0.5605195606527994,0.799055716806101,0.15556567559882933,0.5533333333333333,0.6666666666666666,0.71,0.7733333333333333,0.5533333333333333,0.7733333333333333
4,0.5406988030307228,0.6636429343805134,0.5633878050968566,0.7985212755866674,0.1632185228915151,0.56,0.68,0.7266666666666667,0.7733333333333333,0.56,0.7733333333333333
