epoch,precision,recall,f1,auc,ce5,ce20,popt5,popt20
0,0.5734263679764965,0.6536161857606283,0.5989598622714181,0.7288247111718171,0.5133333333333333,0.6466666666666666,0.5133333333333333,0.6466666666666666
1,0.6019832312157368,0.6496747481645894,0.6212150508527012,0.724074232162844,0.5,0.64,0.5,0.64
2,0.593524040039566,0.6527349041033521,0.615849232655713,0.7197717451103143,0.5066666666666667,0.6333333333333333,0.5066666666666667,0.6333333333333333
3,0.5917428909215356,0.6510397814580844,0.6139826784680554,0.72166890520365,0.5,0.64,0.5,0.64
4,0.5944478830739296,0.6511194581981674,0.6160971215681087,0.7204822150133744,0.5,0.63,0.5,0.63
