epoch,precision,recall,f1,auc,ce5,ce20,popt5,popt20
0,0.5044836503169836,0.503634113027147,0.5039972713751163,0.604593117447309,0.13666666666666666,0.37666666666666665,0.13666666666666666,0.37666666666666665
1,0.4982973506776544,0.49967560184394744,0.49898552454348605,0.6306619809155236,0.22666666666666666,0.4766666666666667,0.22666666666666666,0.4766666666666667
2,0.519019390429771,0.5092089237948892,0.5122520881536751,0.6920226130176617,0.3233333333333333,0.5533333333333333,0.3233333333333333,0.5533333333333333
3,0.5213079861486344,0.5061942974218884,0.5092587415027902,0.6682004059719614,0.25,0.45,0.25,0.45
4,0.523330209575737,0.5093512036878948,0.5131258984917522,0.6928463756568588,0.31333333333333335,0.5266666666666666,0.31333333333333335,0.5266666666666666
