epoch,precision,recall,f1,auc,fpr
0,0.6031250930641174,0.5599921606333862,0.5485693104998962,0.6284607988357891,0.11413641364136413
1,0.6801499218769376,0.583895082421628,0.5709615607794525,0.6917434000617909,0.061606160616061605
2,0.615322315984423,0.5796494806961011,0.5770443843011486,0.6468795567220764,0.13833883388338833
3,0.6673413917595092,0.6401273788796202,0.6460823661431143,0.7161456303110625,0.15649064906490648
4,0.6987932559241425,0.626112020650884,0.6294441041670349,0.7200875468124239,0.08635863586358636
