epoch,precision,recall,f1,auc,mcc,ce5,ce10,ce15,ce20,popt5,popt20
59,0.5100403680005965,0.5240802495250894,0.5136449830804884,0.6135387085565023,0.031098203599441904,0.18974358974358974,0.27692307692307694,0.3076923076923077,0.358974358974359,0.18974358974358974,0.358974358974359
