precision,recall,f1,auc,mcc,ce5,ce10,ce15,ce20,popt5,popt20
0.7962209445181581,0.8167769104642852,0.8055807681994169,0.869578317474109,0.6126531012547789,0.15034965034965034,0.25874125874125875,0.36013986013986016,0.4195804195804196,0.20183486238532114,0.4444444444444444
