epoch,precision,recall,f1,auc,mcc,ce5,ce10,ce15,ce20,popt5,popt20
59,0.5886910020045917,0.6706300461361014,0.6164038574810058,0.774682510775208,0.2460353613926304,0.51,0.59,0.6366666666666667,0.7,0.51,0.7
