epoch,precision,recall,f1,auc,mcc,fpr
59,0.7218432688616174,0.703219987353066,0.7099053117366576,0.7538520453095179,0.424655089654749,0.1520902090209021
