epoch,precision,recall,f1,auc,mcc,ce5,ce10,ce15,ce20,popt5,popt20
59,0.539997756841633,0.5221872433616206,0.5284233711482998,0.695476712558563,0.059579861193669675,0.16923076923076924,0.3487179487179487,0.4717948717948718,0.5384615384615384,0.16923076923076924,0.5384615384615384
