precision,recall,f1,auc,mcc,ce5,ce10,ce15,ce20,popt5,popt20
0.5672163799131809,0.6826373459600559,0.597442805607562,0.7551969131305774,0.2215962204766693,0.49666666666666665,0.5566666666666666,0.59,0.6366666666666667,0.49666666666666665,0.6366666666666667
