epoch,precision,recall,f1,auc,mcc,fpr
59,0.7180310348371185,0.7144149060575349,0.7161011003521895,0.7828981257705823,0.43243082152976964,0.1848184818481848
