precision,recall,f1,auc,mcc,ce5,ce10,ce15,ce20,popt5,popt20
0.5212071430372909,0.5736278746954904,0.5316248077655836,0.6667826637577527,0.07903004163478566,0.2512820512820513,0.3282051282051282,0.41025641025641024,0.47692307692307695,0.2512820512820513,0.47692307692307695
