epoch,precision,recall,f1,auc,mcc
59,0.7962209445181581,0.8167769104642852,0.8055807681994169,0.869578317474109,0.6126531012547789
