epoch,precision,recall,f1,auc,mcc,fpr
59,0.6773649226701536,0.6706060566686589,0.6734272370067875,0.7178687750664831,0.3479053322275848,0.20104510451045104
