precision,recall,f1,auc,mcc,ce5,ce10,ce15,ce20,popt5,popt20
0.523330209575737,0.5093512036878948,0.5131258984917522,0.6928463756568588,0.029540855899854376,0.31333333333333335,0.3933333333333333,0.47333333333333333,0.5266666666666666,0.31333333333333335,0.5266666666666666
