precision,recall,f1,auc,mcc,ce5,ce10,ce15,ce20,popt5,popt20
0.5003429745312034,0.5228337301291037,0.39193355052877643,0.511337759380464,0.005596923400102854,0.041025641025641026,0.07692307692307693,0.15897435897435896,0.2358974358974359,0.041025641025641026,0.2358974358974359
