precision,recall,f1,auc,mcc,ce5,ce10,ce15,ce20,popt5,popt20
0.5453335406562168,0.6337348995325685,0.5667627887621384,0.7375696594427243,0.15572638190255061,0.47,0.54,0.5833333333333334,0.63,0.47,0.63
