epoch,precision,recall,f1,auc,ce5,ce20,popt5,popt20
0,0.4982480728801682,0.49838240051763183,0.49831522764644043,0.5082449644727225,0.06666666666666667,0.20512820512820512,0.06666666666666667,0.20512820512820512
1,0.5018127431455601,0.506511874839277,0.5015166582176556,0.5447523413715585,0.1076923076923077,0.2512820512820513,0.1076923076923077,0.2512820512820513
2,0.4982535332366059,0.4999460800172544,0.49909837168617954,0.5787959437425629,0.10256410256410256,0.2923076923076923,0.10256410256410256,0.2923076923076923
3,0.498253658361842,0.49998202667241815,0.49911634624873286,0.5710506838620718,0.11282051282051282,0.3282051282051282,0.11282051282051282,0.3282051282051282
4,0.4982534080934382,0.49991013336209067,0.49908039583352026,0.5817414034495885,0.09230769230769231,0.28205128205128205,0.09230769230769231,0.28205128205128205
