precision,recall,f1,auc,mcc,ce5,ce10,ce15,ce20,popt5,popt20
0.500301217372854,0.5200629342978098,0.391722017053939,0.5098685550642846,0.00491662663253167,0.041025641025641026,0.07692307692307693,0.15897435897435896,0.2358974358974359,0.041025641025641026,0.2358974358974359
