precision,recall,f1,auc,mcc,ce5,ce10,ce15,ce20,popt5,popt20
0.5944478830739296,0.6511194581981674,0.6160971215681087,0.7204822150133744,0.2389385939365686,0.5,0.57,0.6166666666666667,0.63,0.5,0.63
