precision,recall,f1,auc,mcc,ce5,ce10,ce15,ce20,popt5,popt20
0.5234587414463167,0.5287292580886886,0.5258067747636194,0.6472424767798434,0.051921180165595195,0.2512820512820513,0.3435897435897436,0.4307692307692308,0.4717948717948718,0.2512820512820513,0.4717948717948718
