epoch,precision,recall,f1,auc,mcc,ce5,ce10,ce15,ce20,popt5,popt20
0,0.5221032423991255,0.5452850431498119,0.5293672652169894,0.678357486720476,0.0632754703118089,0.21025641025641026,0.2923076923076923,0.3435897435897436,0.38974358974358975,0.21025641025641026,0.38974358974358975
1,0.5256923030598738,0.5385363351555522,0.5307361198066961,0.6896841395062036,0.06293130227901908,0.2205128205128205,0.38461538461538464,0.5384615384615384,0.6205128205128205,0.2205128205128205,0.6205128205128205
2,0.52124403613977,0.5380240953194689,0.5270495036033536,0.6997984683038064,0.05684312641468121,0.2153846153846154,0.3487179487179487,0.5230769230769231,0.6102564102564103,0.2153846153846154,0.6102564102564103
3,0.5207914801701833,0.5427029672581274,0.527625296620585,0.695851387310462,0.05959388884626827,0.28717948717948716,0.49743589743589745,0.6,0.6717948717948717,0.28717948717948716,0.6717948717948717
4,0.5225435744997059,0.5405792112197806,0.5287702744951543,0.697873617090699,0.060491337273114565,0.27692307692307694,0.48205128205128206,0.6,0.6666666666666666,0.27692307692307694,0.6666666666666666
