epoch,precision,recall,f1,auc,fpr
0,0.5676605048698071,0.5250634512270125,0.4866896423716145,0.6803210242284071,0.0748074807480748
1,0.6445796303299612,0.595374990254931,0.5941400882666744,0.6919196053463614,0.11633663366336634
2,0.6447196683237681,0.593613081780619,0.5916416106102904,0.6937321159937515,0.11303630363036303
3,0.6379099566144569,0.5909751998821929,0.5890173584570743,0.6885337352632901,0.11936193619361936
4,0.6495291074502536,0.61406971405802,0.617684505289284,0.6910254411267898,0.14246424642464248
